model,r2_2,p_2,r2_3,p_3,r2_4,p_4,r2_5,p_5,r2_7,p_7,r2_10,p_10,r2_ew,p_ew
PCA - first 8 PCs,-0.06416477654914643,0.0015560324529684255,-0.04459190987844619,0.002126071505720306,-0.043110548131944704,0.0016363336179612276,-0.05016664022703532,0.001716403937813471,-0.051954053223889574,0.0009060280267877419,-0.06279968323973106,0.00032835028149102996,-0.06406109883330324,0.000902561483290043
PCA as in Ludvigson and Ng (2009),0.0025040753539250504,0.0009140022626737965,0.008398134337906149,0.0017927524520285898,0.016393190952738945,0.001559418620498687,0.003134397896471963,0.0023127614558576814,-0.029280461678691472,0.0023979889795867626,-0.07569853266441262,0.0022750490156600023,-0.03333018606511762,0.0020264160932002007
PLS - 8 components,-0.9870107805414368,0.0011673942025830497,-0.8439240734545788,0.0006136496872430897,-1.0006340765675996,0.0006071767377430204,-1.7330054248320166,0.0009670314211399633,-1.8021524692453532,0.000964085391300773,-2.608387958227247,0.0024626839248972354,-1.7975929524652048,0.000812717736699331
Ridge (using CP factor),0.047736683622461085,0.00882319003673937,0.07557287838373072,0.00680573666705897,0.06698546244513415,0.012359534803694228,0.0816589914041076,0.014322051853491224,0.06944332072482584,0.01572385838216539,0.09438340606421514,0.010128929707962309,0.0893976664623436,0.013159170885812088
Lasso (using CP factor),0.06271990097828006,0.0009805921296500708,0.16214479135435755,0.0014020693533364215,0.18043676883297,0.005624970618957503,0.20035008180065428,0.004957120017294314,0.1914030295658179,0.0037992997965754505,0.2272164421024343,0.0011719166219366084,0.22873954170046196,0.003055340282384633
Elastic Net (using CP factor),0.08018539361886645,0.0012995895457018625,0.14320731798303632,0.0030480003264248268,0.12336349191374052,0.01597156083282192,0.11307726421699893,0.021823129991840773,0.14925803329154297,0.013470721424461152,0.1918762714381781,0.004179116166733832,0.17557692965330418,0.009959166754591853
Ridge (using fwd rates directly),-0.08953302276339148,0.005156868551744798,-0.10452598836951199,0.0029669318070748574,-0.07434618290931994,0.009918125554835622,-0.04953803459773454,0.011794803490848937,-0.04006937582344028,0.014166024560386403,0.054810473847199614,0.0078024217333936274,-0.014358971591736713,0.008280389650005215
Lasso (using fwd rates directly),-0.08655024045520743,0.0028513225684637655,-0.07114781628595734,0.010659738860769319,-0.04385941626696033,0.012811262864349526,-0.03394776394171761,0.017197506254434947,-0.015932564313493325,0.015527689933881761,0.07891737702967827,0.007037377867384231,0.011075778791620916,0.011614401815477238
Elastic Net (using fwd rates directly),-0.058479498093683135,0.0025507815142068457,-0.08305791054656364,0.004947505826810805,-0.06150298230440887,0.005291746207749526,-0.061187844796838364,0.010383142248132082,-0.05643300122976269,0.014585694398161042,0.04329508492445788,0.006952123262174759,-0.02594875876217917,0.008095549068136254
