date,xr_2y,xr_3y,xr_4y,xr_5y,xr_7y,xr_10y
1971-08,0.4993305958297798,0.6844421497043998,0.2543594553282702,0.2746552872025383,0.6867409500696056,0.8678117868210711
1971-09,0.19862582585837973,0.2100325804187797,0.12761779930213013,0.347236072581782,-0.44378379014469793,-4.3994885405867254
1971-10,-0.0834834917563807,-0.4617661165479108,-0.5624643525060682,-0.5972757445331283,-1.0948576851874003,-3.7625435809652874
1971-11,0.09734613045975937,0.012828056059970727,-0.23799051821332284,-0.10666590728516745,0.43751058717343394,-2.041033397755963
1971-12,-0.22467635003188047,-0.7708670672058604,-1.3269376675545503,-1.4673629806156834,-0.9747833022520895,-1.5426889744536423
1972-01,-0.5057532789423709,-0.7437889562170508,-0.8594468460125899,-0.9478140914715834,-0.422751449339831,-0.46239712695662405
1972-02,-0.95700820010771,-1.6515691658665617,-2.066547877148359,-2.5247147310092704,-2.5198770978240415,-2.0140020038102815
1972-03,-0.7323974290341511,-1.2307588891725105,-1.5023757677830085,-1.8284749990283107,-2.2748116698611796,-3.2355999002059415
1972-04,-0.9452448645437395,-1.2437900367590897,-1.705216852434308,-2.1412630668604002,-2.21653303473561,-2.227123517755455
1972-05,-1.5591258430777701,-1.9411908005411114,-2.225706727749248,-2.358527358786181,-3.087538794400982,-4.331210319313889
1972-06,-1.7249606865960496,-1.9531546508985498,-2.4190895201779092,-2.6075218773082165,-3.3636749019591727,-5.855010238260138
1972-07,-2.839989339249109,-3.6995928172401307,-4.813878223970281,-6.090937279776781,-7.30960718640526,-7.45938424828658
1972-08,-2.31854114286158,-2.8457819051134114,-2.8447501549619583,-3.1335797410054687,-3.638200492253402,-4.548818902845075
1972-09,-1.378732636573659,-1.3057076171978892,-1.196243088506729,-1.4085265549656407,-1.3498429644134324,-1.0440861462096898
1972-10,-1.0336221513893804,-0.9282081333800916,-1.0805021116428817,-1.4216995335204192,-1.698581407598109,-1.168462230195777
1972-11,-1.5594073885078297,-1.1176866198635986,-1.2574089415032619,-1.6370521305019068,-2.632588715874661,-2.10743715179479
1972-12,-1.0219099095735498,-0.9429957456830884,-1.1662307800383394,-1.5542035288206488,-2.1854467200072083,-2.7369654890520625
1973-01,-0.6098166638235298,-0.44735091599633936,-0.7255807924804278,-1.2934349500773008,-2.8130032162288092,-3.6481260321037974
1973-02,-0.2322838058608303,-0.05107673571757054,-0.06704653629875157,-0.3976770472612001,-1.4289286751704067,-3.500859149503457
1973-03,-1.3730727089714616,-2.0451213753197406,-2.8032141164568696,-3.689661802597719,-5.233834636272791,-5.774724901629902
1973-04,-2.0838268045848904,-3.1432506218662715,-4.4054860481799,-5.7576845556139995,-7.638490148347751,-8.223950801270641
1973-05,-1.7714853578165206,-3.0081104441581212,-4.17395461834115,-5.336332302028649,-6.48769504845412,-5.939357067989275
1973-06,-2.028186711591439,-3.259532079352341,-4.779770043307294,-6.336312352847211,-7.996293234317404,-7.310804618641107
1973-07,-1.1124205990106297,-1.9354702248395492,-2.64553955550225,-3.578733614353731,-5.855406793061019,-5.882329269582567
1973-08,-2.4914554612987594,-3.9944223394434006,-5.197580496945362,-6.399270804684455,-9.102743919135026,-9.988569102150027
1973-09,-1.8600573024662097,-3.4582487322940905,-4.69056676122491,-5.954650513087928,-7.96139122698428,-9.0395192665979
1973-10,-1.5897011511148795,-2.4757618418034193,-3.7477882851435798,-4.978697154733728,-6.930013606462221,-6.7636642610232
1973-11,-1.5683579250950395,-2.077036777882009,-3.0134607372955706,-3.721707900340241,-5.1337198460306945,-5.537977193496348
1973-12,-0.7831503334107701,-1.5248538607670499,-2.0060935978925523,-2.381951727175239,-2.98162354116445,-2.032221803825305
1974-01,0.1958447430090109,-0.1692769756411403,-0.67708095796704,-1.1952070730526527,-2.0937447277801153,0.11383971695898154
1974-02,0.6716941070553197,0.8654291928752809,0.5305347822367406,0.10145359545869947,-1.5278173530429893,0.5967011759251886
1974-03,1.0428340115892594,1.2623178380720894,1.079307306417058,0.7479489331170468,-0.6191334840453493,-0.06300673115521782
1974-04,1.0185442278154015,0.6999259739095098,0.3299032844732075,0.046195382030670196,-0.9420606357231369,0.6902631107799237
1974-05,1.6114656308544797,1.8230573512567485,1.825612461232767,1.9842361086564395,0.26846130658254985,-3.132259560486111
1974-06,1.22269792422113,1.7949128108586532,2.1305721021512527,2.196573430574224,0.7736961355010576,-1.763844577822593
1974-07,1.1480401386903214,1.5096010061334209,1.4446997951814229,1.6820955306127434,1.0547309479232592,-2.5206839193505646
1974-08,0.7152525428305498,0.7523789749238006,0.6700497323995069,0.8586791117022017,0.676103847860416,-2.209871409330785
1974-09,0.33060007469192065,-0.24107517413475765,-0.6685419910111623,-1.1929005785669577,-1.8839364710721966,-5.312857702381995
1974-10,1.3007239682313312,1.6191369027075604,1.6902805860068382,1.7269127689895782,-1.0560520875485118,-6.051560156132555
1974-11,0.48257335400546,0.15699386744704924,-0.27900805871049883,-0.3689370519168529,-3.0765264061113475,-7.591771429287728
1974-12,1.197296178978541,1.0728251261546005,0.48455327467438014,-0.18056971155683588,-2.4785969612327543,-6.041767530508023
1975-01,1.5930821295380397,1.8134288929541302,1.4117709013707413,1.3067889908547707,-0.8999022724022412,-5.210505390823065
1975-02,0.5618667398922801,0.3910089782413202,0.024097862036628115,0.2845924121858232,-0.9509169093419301,-5.979920530764032
1975-03,1.241260948013891,1.5077045860107194,1.6763366268682827,1.7326612953311198,0.9569179739344289,-4.97487696111517
1975-04,2.214661381971391,3.236896816437251,3.9676671174985616,4.329769254433898,2.9843963936017968,-3.9664441787730675
1975-05,0.8626434183575293,0.8665208117984315,0.734611306747901,0.5750035689366202,1.2053440902994277,0.1967277594404795
1975-06,1.1722308908259889,1.5014469678286195,1.79323489130834,1.5382541843217563,0.6942263812055867,-0.3175197379701311
1975-07,1.8805274953327205,2.7972393892832805,3.1093573948048707,2.7485965162460637,1.300554189894659,0.4220637961117548
1975-08,2.0710411725068,3.10473694298728,4.170192900854712,3.959235018146928,3.95101375853306,2.7810993793777516
1975-09,2.653053966063079,4.170619469205562,5.39575851030977,5.5349038780776105,6.566698590229096,7.012393005422835
1975-10,2.1372653337572904,3.38855611415243,4.295623395514472,4.952763796687923,6.221352003588904,7.047166108614391
1975-11,2.90140457516513,4.9532313819485,6.504084495661611,7.931451198634273,10.016021637588697,10.108109049987467
1975-12,2.402201233733111,4.28047099351582,5.678937428581529,6.788076091265118,8.224826797813254,9.774716148736152
1976-01,1.571351241488589,2.840783900249021,3.4986315981458187,4.201983006877559,5.12201489510686,4.605877998884864
1976-02,1.8136723267794395,2.9583594246729907,3.208388244220308,3.3929418304474,4.011282354171623,3.8282146464932243
1976-03,1.881312727287491,2.9034988081223885,3.472006199836052,3.5557467222570525,3.668317481848634,3.355622637832284
1976-04,1.6654438711482005,2.47076694239563,3.0035497850942807,3.26079138541185,3.8566747876934633,3.925190505212721
1976-05,2.0476277180511993,3.3299460296887693,4.45038149621198,4.56519606053607,5.6370451444375895,5.885025882697352
1976-06,1.8090327661609802,3.0104163725224904,4.269521059414092,4.76850734571283,6.038359346465519,5.77174849865121
1976-07,1.1775461579212196,1.9481708442334886,2.8556269573679494,3.4106416554654384,4.47792789113996,4.8387346789269925
1976-08,0.8501618344656592,1.3959565718727687,2.1151887484556617,2.8373055866501504,4.036196149755788,4.969450258957653
1976-09,0.26893007145234993,0.5201858005834898,1.0809053337930674,1.6628853568870579,2.6108350296959575,3.239787921372903
1976-10,-0.25341048803810917,-0.6923782334675801,-0.6246832011015799,-0.6766542700357396,0.17067313017399854,0.8914916870891387
1976-11,-0.8620870676403998,-1.8933375977595404,-2.407467781689972,-2.94886414061323,-2.5147652959502196,-1.3470845145914554
1976-12,-1.0399398002353992,-1.9797475697957605,-2.8013970998878097,-3.5599465069068206,-4.6939813960447605,-7.0299625631036955
1977-01,-0.4420936902012409,-0.8218338608213092,-0.9198426599583289,-1.3811311796305779,-2.5487152666682826,-4.684089611432373
1977-02,-0.5348546834915293,-1.0109699617195291,-1.097945371500039,-1.3931458379446697,-2.6064192033259994,-5.088011672361642
1977-03,-0.6983550972541597,-1.375695875075361,-1.568907213506912,-1.9200997063044296,-2.9390780071737677,-5.530896550062472
1977-04,-0.7850605700279711,-1.7610133516179403,-1.9743595226205901,-2.5780478873621586,-3.5827216044738677,-5.842660678431904
1977-05,-1.2601546269625592,-2.54566018411772,-3.0971725896337423,-3.8508762146344084,-5.582692631073558,-8.465586992985756
1977-06,-1.7400848647509095,-3.589829145034491,-4.626508388883688,-5.720525844107751,-7.325049493411132,-9.870787660184178
1977-07,-1.3846437228633093,-2.82161789726947,-3.6279314165989494,-4.394729236149475,-6.002730028548835,-8.603730097842671
1977-08,-1.5296168941244987,-2.758459805396182,-3.650712384486339,-4.656833921616868,-6.335149098323846,-7.709539711007966
1977-09,-1.6929525847974514,-2.9704448238524597,-3.682056081450739,-4.54113468585907,-6.492949977102375,-9.106689186497453
1977-10,-2.1987445035541704,-3.690891635596051,-4.877664267186772,-6.15843523501636,-7.684842892262933,-10.835626582332154
1977-11,-2.535836780650879,-4.17965263901531,-4.791200607113963,-5.5365427484223275,-7.421073467308848,-10.003423683018124
1977-12,-2.904532285983491,-4.668744881287249,-5.469326547164949,-6.048446834598759,-7.829750163113705,-9.626790884106285
1978-01,-2.2371023240819206,-3.543037460829031,-3.67403818668973,-4.032609514463329,-5.553633673912811,-7.2815029710308625
1978-02,-2.206796750553119,-3.5610263682270915,-3.770629439249019,-4.683246857707321,-6.291802213864743,-8.355463661029926
1978-03,-1.8426580923081195,-3.1856993938988696,-3.37798165221115,-4.035945899887745,-5.288788703173408,-6.852617252864333
1978-04,-1.8097850946461298,-3.2328011134106003,-3.6390930549224985,-4.412560405963603,-5.426590917244112,-7.90937372568012
1978-05,-1.359528480146051,-2.226358534161278,-2.120916177287749,-2.3623950505952296,-2.774908493078869,-4.301710658680078
1978-06,-0.5326459875221108,-0.5624406481968993,-0.3809617733879005,-0.4837711014152646,-0.2688986127732935,-1.0155507192341684
1978-07,-1.0501876339166394,-1.3744628942085821,-1.540856196921455,-1.7091702798300208,-2.1565288528191218,-3.5505186637487895
1978-08,-1.7666952888192782,-2.676920852473639,-3.1138960652539787,-3.490025026865883,-4.864757321156409,-7.030643856531
1978-09,-2.2109264894569094,-3.417868744493113,-3.9583352485892327,-4.17737257045583,-5.307134390970763,-7.588595264774629
1978-10,-3.52628632066706,-5.677632560881818,-7.34094904510094,-9.20767031171922,-12.027956610745074,-16.36468180909092
1978-11,-2.3495420968001675,-4.526388164999437,-5.42347160542953,-6.809985535668506,-9.958906174433185,-14.00662062032682
1978-12,-1.967872793938822,-3.615779580037202,-4.643441630352919,-5.267578364410356,-7.90318411891033,-11.178131225622076
1979-01,-2.7405002084293493,-5.416818714577351,-7.19407321955973,-9.15364107116238,-13.4171041825283,-19.95666821974933
1979-02,-5.176608162408758,-10.500554676717162,-13.231221449123717,-15.992830841468699,-20.24234925333217,-28.329591524815093
1979-03,-5.758689216042018,-10.484900020414651,-12.850158475851519,-14.177254019390789,-19.33861637305186,-25.866938844078724
1979-04,-1.1857267423632702,-2.5754975444184716,-3.8397636912124877,-4.659219998550622,-7.54062927906935,-12.33237164353388
1979-05,0.3931364451866184,-0.6848700842173017,-1.6541625803346278,-2.875592413522929,-5.752407252833358,-10.27764296739353
1979-06,0.03845544362139819,-1.1891207583266699,-2.3042488644217016,-3.425422066359431,-5.600194249870571,-9.83844976747974
1979-07,-0.3422123519230169,-1.981405059579119,-3.5950195628670567,-5.2659583368628695,-7.659332714090098,-14.07803982718344
1979-08,-1.9673389872654212,-4.68736032349112,-7.210667909396918,-10.018070155238957,-14.678528737364838,-18.545337988496392
1979-09,-2.653187750125939,-5.472263519627159,-8.189396944605921,-10.351818740286497,-14.887339484060707,-20.9412943710025
1979-10,-2.0514725601477988,-3.7915335210478993,-5.730437173541098,-7.831503495812198,-10.69044725275,-16.984955440056794
1979-11,-3.8930263126989004,-7.222452985709303,-9.562074994094802,-12.142615673108544,-14.01253770821729,-18.486141708467883
1979-12,-2.902198396651702,-4.947231761349503,-7.512710804404099,-9.862987285379154,-12.428435749263103,-17.409564205754386
1980-01,-2.8786092535557,-4.547527710820599,-5.842638700414,-6.654529296324203,-8.921134636014196,-13.1690505686421
1980-02,-0.17742298619239882,-1.145727085258299,-2.6732542838143996,-4.6712478541680955,-7.868242665399498,-10.838500785735496
1980-03,0.37724372688600205,-1.0901023222712993,-3.895923406991896,-5.889832575456204,-8.413227999476794,-10.993653185596
1980-04,-4.553003490956,-8.1557628577048,-12.187999698173401,-16.00855909068425,-20.133404272978403,-26.534372112808303
1980-05,-5.272570271160861,-9.113088581166389,-12.085313071651559,-15.041354928380727,-17.991300734852135,-22.603277892339683
1980-06,-4.752568577201641,-8.734898256001383,-12.405348687387242,-16.03062998363785,-21.379374254830836,-27.9563530653268
1980-07,-5.4612184919364495,-9.68661080647964,-13.819163130491809,-17.299477121660775,-22.93904233702449,-29.868248295204026
1980-08,-4.5894287816017005,-8.806313056379,-11.843102815593596,-14.728910286252301,-21.100622882087208,-32.5352165627776
1980-09,-3.9904465082508,-8.5676829674172,-12.852259135680603,-16.585200223968197,-22.0786058717981,-32.7182658354444
1980-10,-1.8190456745098977,-4.027045957707701,-6.018946795298401,-9.057512188067898,-14.818225418904891,-18.859962190352608
1980-11,1.163487389980201,0.8106548879654998,0.540484105523996,-1.2110854992185036,-3.3936163110766984,-8.640138513325994
1980-12,-1.6100137249101003,-3.4448463609636004,-5.117147043361296,-7.7208951720292,-10.753150321225203,-17.6526473304051
1981-01,-1.9639515934863017,-3.846173044568298,-5.999653424938103,-7.920833478667403,-9.856795408187992,-15.681775844453497
1981-02,-0.9280846497449993,-1.5340491438553983,-2.136903193614705,-3.0714880045229958,-4.096090971130499,-6.775528080679896
1981-03,-1.1698408518139978,-2.032314154780103,-2.8244552371021943,-4.304173886972205,-6.061864243373002,-10.404633731869088
1981-04,0.37444139663490184,0.3302580255198002,0.5246535047254977,0.21078608823760092,0.7091240134709071,-1.4184835191564868
1981-05,0.7447480588782991,-0.16331466257499905,-0.6066157852234024,-1.6280144614910999,-3.674517607364006,-7.595722026080708
1981-06,-0.43839216092090005,-1.6497916822559997,-2.4653515315905956,-3.3448964443392075,-5.167583681488402,-9.940198623190497
1981-07,1.9964150923353987,3.0621852141633994,3.0532975032546013,3.3090308168846985,3.042059415265207,2.5828090713069987
1981-08,4.461733911387398,6.7720984210859,8.6709301518518,10.032098537412095,12.691750284122405,13.65231385188869
1981-09,5.748433363332202,9.152755571049603,12.1905017965149,14.240198336403502,18.958380163519408,27.55763048407829
1981-10,4.89490914164155,8.128632836550022,11.335100402420998,14.489071086111897,21.182197314826503,26.125661551350102
1981-11,3.109529538846312,5.386063990230143,7.758011410711905,8.372402800435001,10.781189896809998,14.865612169429513
1981-12,4.85111799465602,8.43831551736918,11.676566334773568,14.198510017640796,17.8399645265771,25.02748055198891
1982-01,4.824417224912219,8.39437773225214,11.253955533106977,13.377470927137997,17.100295124385898,22.399757164314416
1982-02,5.2157498936534115,8.827031226803781,11.91676196631556,14.751752724897566,18.893477702896995,24.40299043755509
1982-03,4.606650431132952,8.277298724395658,11.538393622880474,13.710509593196695,18.417369841868197,22.295895027615607
1982-04,4.851730144383952,8.452172136898021,11.229766179678938,13.295587856620942,18.652271865857607,23.642725033221694
1982-05,4.32541844957618,7.300453512264781,9.917384267999996,11.608780851123393,15.259984522727793,20.573901164225603
1982-06,4.631886839238481,8.286582403095496,11.149375747140702,12.742904854014503,17.834868459636297,22.2249933764699
1982-07,2.9676892172223983,5.3384201583873985,6.326061476937101,6.163677281033596,10.697145147721503,12.376887817251193
1982-08,2.0307351722315996,3.3604424020389967,3.6558128388494016,3.6218173643366995,3.5577615718009934,5.277423553482592
1982-09,2.2449678007986105,3.544878403514499,4.202018778653299,2.7722610146679987,2.850251539678194,3.618533891815998
1982-10,0.9592828472670387,1.0904483889469514,0.13990920465775325,-2.0131490204912463,-3.6362374193361493,-8.413488988865955
1982-11,0.6486545576677685,0.5645609568880072,0.429092703125713,-1.0714175305708853,-2.1367416832363926,-6.089735048950095
1982-12,0.14041707107918988,-0.32860311653215213,-1.1155941363846775,-2.7144472083366775,-4.804764412929284,-10.70211287917328
1983-01,0.5508126623558702,0.41476520528544114,-0.27574460616768093,-0.8687382892916844,-1.2272496499786865,-5.173499664468187
1983-02,-0.14414837440569883,-1.1855624210081537,-2.3453830436063505,-4.288336239629292,-7.489952976733083,-13.15244603314119
1983-03,-0.47801278086500965,-1.7994280791837198,-3.1445158124025454,-4.880406938088253,-9.00847764937735,-15.82099210696045
1983-04,-0.9657361619450686,-2.956631871585987,-4.981170787021588,-6.9449312575704045,-12.218884251550945,-21.349508991925255
1983-05,-1.4750174972334005,-4.048415064901217,-6.7532363680805165,-9.552910485272324,-15.568140152579923,-25.668201491751717
1983-06,-1.4020437267684187,-4.054851617140818,-6.499159439497619,-9.014162423145725,-14.689713944686416,-24.381895114773506
1983-07,-0.2714356636427997,-1.3964740523360994,-1.6321138472499968,-2.370671640398399,-4.490083546945506,-8.761072379717094
1983-08,-0.17486594969609826,-0.8679275772126012,-1.2937005052281982,-1.5567855767103005,-2.676339128558599,-7.718856569210496
1983-09,-0.24667865964308788,-1.1907786753568885,-1.775938301235085,-2.208812370202592,-3.5361792909990957,-8.313323039123004
1983-10,0.8992648263624101,1.0272797598802086,1.4296579036067083,1.7000002716583076,2.2494387275711176,0.901408741271819
1983-11,1.5767467698975501,1.9110161742641996,2.719122909065799,2.2941866011446006,2.207842009404306,0.6007316843135015
1983-12,2.151208082751401,2.9368222597815894,3.74458386890635,3.6517616569927576,3.812634246362755,2.1469355022749568
1984-01,2.11023369736324,2.8488774390968317,3.6080242963485922,4.061755202127193,5.065118397098793,4.52162754052139
1984-02,1.7320185884282804,2.253993861644968,2.9700246179890666,2.883365081124369,2.7179631771663733,1.3609366486790755
1984-03,2.3995551361008385,3.5358156727397994,4.708282901991604,5.142904547809893,6.590342901057596,7.544519191259594
1984-04,3.2112685079798293,4.996268816243738,6.726750875202704,8.017228470830299,9.907324080029403,11.242453447093203
1984-05,5.27486604035321,9.301072642067162,13.03958369089402,16.25756255274062,22.092725959897393,30.512922012248097
1984-06,5.821898989989268,9.90481308215808,13.452068200557802,16.41545663185076,21.0615737117566,29.83670772392029
1984-07,4.67962333324666,7.387253765754741,9.550574861440674,10.9318125980047,13.712630475047401,18.412386357507494
1984-08,4.712681885035071,7.599405873841338,9.976381594169728,11.780021757260265,14.8529894465718,20.260077100986397
1984-09,4.316078433641819,7.157675944131318,9.461009509862377,10.871385526517006,13.392774930580993,16.936974719563608
1984-10,3.573715446095891,6.01427890577002,7.851509452701869,9.141647931462343,11.297451921505926,14.22407281165148
1984-11,3.3217803505451,5.801865221349171,8.641872694930301,10.07066143414205,14.263803894912108,16.931882630646648
1984-12,3.1659622557082914,6.333082948461607,9.551786087617215,11.805381849474324,18.477717018596913,23.19172941925831
1985-01,2.9933740889545177,5.8066320790196695,8.568472546457752,10.366319175051128,15.117083664051966,18.68905979929717
1985-02,3.74295839692829,7.599502409380191,11.920996154634128,15.550955385311209,24.316354971777976,34.27614120931535
1985-03,4.254753366641159,8.554747573648738,13.240822989726404,17.06958414306326,27.00476008117592,38.368864425106054
1985-04,4.165681253620781,8.05455842172433,12.370581209896892,15.963089107589315,25.301948952082665,36.69143035177858
1985-05,2.8325249272417583,5.085438204597132,7.672281520489858,8.795044656092262,14.181250394592338,20.9965095397121
1985-06,3.0938369712484084,5.973076517629709,8.830661571220753,11.285900398782987,18.087024260034383,26.12724498698718
1985-07,3.541692329327259,7.06512897135365,10.777377340148579,13.443529219704144,20.08482408115671,28.334294965814205
1985-08,4.079645611048591,8.03752490503208,11.879291953354358,14.9916449490272,21.53412524892542,30.183696617244046
1985-09,3.6848562880637807,6.828385149559963,10.215452973779037,12.71994165182636,18.09072072709644,26.55292631491671
1985-10,3.4661068528419117,6.704359208625322,9.848648627210522,12.838677529007814,17.49244314678924,25.32649887923216
1985-11,3.074025767398309,5.987655295781081,9.112038202694977,11.953739576354536,15.96982585318197,23.715676228696985
1985-12,2.1501694237239812,4.295102379708552,6.6198230117553925,8.647378862574229,11.108627624185747,17.68819126170078
1986-01,2.3108039732376398,4.602224984915209,6.972356535924489,9.274884198906632,12.536055766602765,19.53879588183054
1986-02,1.9168265654789094,3.4918936590418808,4.70699069285606,6.151260266116284,6.62168311481433,9.17191704325305
1986-03,0.9320401563496095,1.6751084347303182,2.2241205228829974,2.57953642855576,0.4345696682516422,0.22233176573509894
1986-04,0.44515500650055984,0.26585082916722946,-0.15146786307806082,-0.5441117249642904,-2.834553652485014,-5.1820619061925
1986-05,0.7830300955242793,1.2029146792834604,1.540336758707599,1.5833343369372699,0.3606053272363141,-1.6810163515604373
1986-06,0.4146352326793403,0.5572240839798388,0.24945670581593937,-0.23031316131436785,-2.716908647421193,-6.108461901251119
1986-07,0.11989608337504976,-0.20906630456549813,-0.89652428663846,-1.3455002731087378,-4.045416183611639,-7.205588481365553
1986-08,-0.7904188095696698,-2.133211936227551,-3.772517578573371,-4.654936036501868,-8.410364934250907,-13.826262973106955
1986-09,-0.8778328802340898,-2.2932795409908593,-3.842120952193473,-5.127769333647149,-9.091328009708256,-14.475170846414095
1986-10,-0.37558722510067,-1.4167833174345912,-2.681775852369509,-3.7256593074368114,-6.588402490298106,-10.086358392491526
1986-11,-0.5717722146990107,-1.9533375657283898,-3.268890666067496,-4.708983421477744,-7.859401596586788,-12.740239079459904
1986-12,-0.48970362928122935,-1.6635356652557078,-2.8467363803531587,-4.23905133693163,-6.7932569054124645,-10.947024841880271
1987-01,-0.20465304897296033,-0.8225146558600889,-1.3735340610305986,-2.1146155603220107,-3.975191131710198,-6.324999734310516
1987-02,-0.037690786976869894,-0.5429297667993085,-1.091125532254841,-1.6512146623028103,-3.4904306963535827,-6.160140770551969
1987-03,0.022582964258050175,-0.5933658248786697,-1.2734793451352093,-2.206173170340068,-3.9768147602028563,-7.22457054897122
1987-04,0.6932648280859706,0.7195995522940795,0.5686106764575412,0.1395813502149652,-1.1305883359115274,-3.6942120258138704
1987-05,0.5566623167804794,0.41929295692130175,0.13281098615097253,-0.3414452116566382,-1.773352820230385,-4.128895940673027
1987-06,0.39065305497861047,0.472989654146061,0.5208077452369082,0.43289003817778493,0.0029933231286634054,-0.9660675380192778
1987-07,0.15688978138649912,0.11024196928999075,0.02142439505565985,0.028360893212092897,-0.1698125602974594,-0.9800101445204357
1987-08,0.16369654231309116,0.21389706526148,0.1636504904746987,0.06332186928654426,0.674774223468634,1.1010608872683685
1987-09,0.9850851704366805,2.0589140987184402,3.161685632875126,4.001606658805707,6.439668121133622,9.729869166696485
1987-10,0.37121401126424125,0.911837671630999,1.865378979702304,2.6133528562935906,4.6770598020388965,5.539272832608424
1987-11,-0.23411262651154985,-0.4118088443128318,0.05418459947942367,0.44371819310630833,1.9630733534192117,3.1990628624684856
1987-12,-0.7003039469115704,-1.2406202800765103,-1.4374982452311018,-1.4386299366440172,-0.48832555631937336,0.7817430834177896
1988-01,-1.3457035630838101,-2.4774044551900785,-3.2612549631512318,-3.80525186966186,-3.387043830475654,-3.0396057246570427
1988-02,-1.8765301333185507,-3.526925691691109,-4.799552237584529,-5.760549883693371,-6.1537908825461285,-6.375725737652011
1988-03,-1.8053237191950897,-3.1685748909374416,-3.93725667613995,-4.416663253459493,-3.386963629583062,-1.9857656017974081
1988-04,-0.9571834735642497,-1.5652496427741296,-1.5925893720549738,-1.5839539198387982,-0.08621486932959499,2.274984143724531
1988-05,-0.1986502503062315,-0.02021132914807211,0.5775790797819624,1.278673119559576,3.983513086558677,8.103848396349052
1988-06,0.16594955788685972,0.7261644526054809,1.5305970484707423,2.209325270284639,4.753353709015913,8.439334792936922
1988-07,1.0072820543014593,2.3199370016064567,3.8003028600542885,5.339290613829741,8.871079497321352,13.465077890865496
1988-08,0.6173701588565912,1.1454924109858133,2.206159158118618,3.1961348903321003,5.7627133775209884,10.014655149666691
1988-09,0.14562675949529158,0.27391712547417235,0.792895305886006,1.2989760299191797,2.960447780932032,6.093694721204008
1988-10,0.43680394096019004,0.9397695511879798,1.454118951970302,2.064389397147351,3.982673106166474,7.18662738657204
1988-11,1.1685861279856784,2.2023211161780676,3.3439019102835417,4.445127599273775,7.006685924780651,10.698764163211717
1988-12,1.2638432275464506,2.5086090125566916,3.6024312282217092,4.702564413938687,6.957242535335485,9.385766129138736
1989-01,0.9015780210548581,1.558349931079782,2.0951992423008665,2.3916516599980113,3.2105384417928367,3.6986556525368446
1989-02,1.3335765124153092,2.132922520171361,2.9112587034296027,3.3021933131791705,4.4892503543954,5.630356262064659
1989-03,1.2307690199643808,1.9229329264422983,2.4401022463187143,2.895065849819229,3.174512947064379,3.667059663819325
1989-04,0.5089157790720087,0.3339113512969796,0.2070273010279866,-0.02725149324470344,-0.2975637687233057,-0.921994727981259
1989-05,0.4543135411821595,0.4748199280581087,0.43854214645076794,0.3584359895974174,-0.27623111012377244,-0.6825963925249745
1989-06,-0.11696562985304038,-0.4539251101693189,-0.7656455037359517,-1.3287247434658287,-1.9156885268716195,-2.904095852653386
1989-07,-0.34446460211421925,-0.8358311605061095,-1.4653176756568183,-2.17426165446524,-3.018464245586805,-4.209528082257661
1989-08,0.47754599482857785,0.3947690606309102,0.008748700160426282,-0.9138020032424183,-2.4828365706249205,-5.756017078430656
1989-09,0.5892065471844301,0.7235151224312215,0.5360227215718698,-0.3856606872525319,-1.759145099503895,-4.954704366104188
1989-10,0.29593748267787934,0.1853737943992293,-0.18564488532402823,-0.9835618215418824,-2.7813270840738937,-6.37670593332683
1989-11,0.3099607779586906,0.3769459722752604,0.338922073269468,-0.19219366394332038,-1.3683252716812353,-3.390652896647131
1989-12,0.8989028462990705,1.3479009573210394,1.4363875546623817,0.9986048308981701,0.465583404674323,-1.0698410323186582
1990-01,1.6489160426381195,2.579664116900771,3.3091173860603327,3.4947930567545793,3.620944936468206,3.7521584878679626
1990-02,1.9728881672613499,2.9893874034044092,3.8765012058391317,4.124227390198902,4.391996310383421,4.4444301298567765
1990-03,2.2878796617845705,3.3578531679602097,4.154385333459173,4.297175722524065,4.234349844777741,4.751218405749762
1990-04,2.8239701777323214,4.358391061702502,5.728054630426039,6.297229241481588,6.898050195686874,8.40530488220007
1990-05,2.3280779076955884,3.480440166533249,4.45237979977177,4.6211690057940995,4.354419389119039,4.441426056080401
1990-06,1.8790424377250794,2.759481825635951,3.1019901370032166,2.8238154164291815,2.129288866763029,1.3225154982172596
1990-07,1.74465070985773,2.4627224296619987,2.8490606740752007,2.6851112768285406,2.1404407920304545,2.2383096626842702
1990-08,2.41410760670881,4.08277385773679,5.60210895324946,6.303390673310771,7.477636197166959,9.96698208054311
1990-09,2.6070618249073094,4.514687859522658,6.391919772641651,7.481260292036637,9.502979051466541,12.410731941347256
1990-10,2.7032442911868095,4.6973868617899885,6.453810949482081,7.40381258001134,9.004585350969581,11.152909741012724
1990-11,2.7962578945838494,4.687163433852501,6.13650817600496,6.693551808144931,7.678980237046878,7.354606927739822
1990-12,3.130390982104161,5.526971241013309,7.396805079150522,8.27056320777837,10.637115321624286,12.43456793269372
1991-01,2.93776374459802,4.70315659212237,5.897904571514952,6.30054286339118,6.80025150612937,7.086747220899855
1991-02,2.90207208014034,4.57881157661338,5.72737452462571,6.097687204761842,6.625433846782118,7.848789742767442
1991-03,2.845448091062999,4.179151394691681,4.981073962217299,5.183564744169159,5.604785757096163,5.901990070173704
1991-04,2.97231180179131,4.327607599410999,5.248653041078751,5.4555288547487315,5.7096379241685,5.0324643976326255
1991-05,3.032584144606119,4.732116926344882,6.1433940594177585,6.827979119666118,7.94863070883617,7.5932495747991915
1991-06,3.3410958078554804,5.91678196141614,8.005545235770128,9.07713942663822,10.576500767455723,10.72875529450376
1991-07,3.6349965249643104,6.46445760130889,8.84694864743215,10.26299349892945,12.470787450510993,14.357720069133102
1991-08,3.2844619946190607,5.96134468718877,8.26491666196097,9.46333739913406,11.318880142000186,12.164642695038125
1991-09,3.3234371098184403,5.919614377214279,8.168545680581119,9.25448463478169,10.873368699009252,10.954930704124902
1991-10,2.53102045765747,4.209404668990871,5.697330075044482,6.1960800168554195,7.829004364599828,8.56923085922482
1991-11,1.9722328405076999,3.1786161300413296,4.193690422766569,4.2852960242672085,5.8096865902497505,8.74404745398119
1991-12,1.6284059302824705,2.573840786525839,3.297455243114851,3.2450352844133876,3.239875875395975,5.40837154272696
1992-01,2.3789928169776293,4.529977736799008,6.35713858263703,7.586701985268961,9.837294332923818,12.333234920338032
1992-02,2.6544130864060107,5.31983359874447,7.83488165708288,9.265944835028499,12.30924157520979,14.168508845508946
1992-03,3.132270920596139,6.3351931316149805,8.941951359664738,10.40456367077776,13.668625636825888,16.259558377567934
1992-04,3.050620963576801,6.31265020735182,9.04723582975474,10.945649812075771,14.2964807671799,17.583980461306563
1992-05,2.344104458110559,4.7868867638612205,6.975958437498322,8.658008276485312,11.732529766801331,15.09145920664032
1992-06,2.0138301670822503,4.30820621773037,6.5721806699405,8.57792630457908,12.433970445018211,17.32665175503598
1992-07,1.5172154197668806,3.1301737013339013,4.905911521353761,6.445934917871502,9.31088526638165,13.530521007086055
1992-08,1.3487881942223305,3.1411101660570506,5.23610001388829,7.139369629810028,11.15353885079777,16.161030735474846
1992-09,1.0579308496282498,2.430571422778961,4.09934445744428,5.811961965180291,9.921809599392592,15.531038228716787
1992-10,1.7199260154757399,3.6943195825628496,6.0212778961948406,7.895664384597842,12.035792280608621,18.293250047375928
1992-11,2.04875363756534,4.117988851447051,6.355495880557629,8.025246362773661,11.27767312227247,14.872271538910603
1992-12,1.70636543792566,3.55696809547434,5.593571956777971,7.195453611882948,10.04691186153593,12.778237518967103
1993-01,1.3606746789516304,2.7767900136649817,4.215852844144729,5.649854752084362,8.552609214696693,11.970624067599624
1993-02,0.4118079473537892,0.6632429951340302,1.3015399932261773,1.6964482501135127,2.710700757049556,4.135755148346323
1993-03,-0.025341306330020075,-0.27563277717803913,-0.4705485432984915,-0.7864275970521675,-0.8032100944990708,-1.2051464864713433
1993-04,-0.7112553494211102,-1.6046632079272607,-2.321036150095381,-2.815796235256072,-2.749903816765877,-3.3759854959798696
1993-05,-0.5348820552530302,-1.505377518377541,-2.2826365981958787,-2.916276044865583,-3.204421787260091,-4.046461902570945
1993-06,-0.9386827649206295,-2.376382765084791,-3.766383497779732,-5.052382272013908,-6.9372622145040825,-9.56025586491334
1993-07,-0.6785206770659902,-1.8071808996726193,-2.7457073714002793,-3.653359592223311,-5.305801991284795,-7.58771733974109
1993-08,-1.1887229144926503,-2.8856319097160195,-4.429859066617858,-5.707228019773627,-7.898029489234661,-10.935881021383512
1993-09,-1.5651208971834807,-3.6114375338633096,-5.630240192625852,-7.657257552259211,-10.964412695848324,-15.280028980368272
1993-10,-1.6252263118732504,-3.9782833239852797,-6.14002788449301,-8.262215681540532,-11.715529727579646,-16.913973353508208
1993-11,-2.0042324838777206,-4.50461146847419,-6.510996466376971,-8.1947478996207,-10.458798906318238,-13.769925456003678
1993-12,-2.35853141231677,-5.03181073482471,-6.874454594628349,-8.364391403255222,-10.609376613202457,-13.021927814753404
1994-01,-2.09969145121272,-4.446560994913261,-6.3619952029669715,-7.989877003404262,-10.25971338368177,-12.921390440220856
1994-02,-1.10008168563171,-2.29703614340355,-3.0375603871984707,-3.7253830799233585,-4.369255709145466,-5.119558016445705
1994-03,-0.5175043061978997,-0.8928731865258701,-0.9862006227836213,-0.959253254364711,-0.3569503322620111,0.4210152801124698
1994-04,0.16070228177657953,0.4131533424789122,0.7960136676571992,1.1210353292158004,1.935959339004472,3.4946327085971713
1994-05,0.84719663620651,2.1308869484157285,3.341126900121532,4.526796908082,7.216470450647399,10.469838827828568
1994-06,1.1251801135609707,2.505505397871982,4.113927256413848,5.559585065920021,8.702761793525994,12.834750098457166
1994-07,0.8976421626988591,1.8206997119000086,2.7821832792926378,3.702636592920279,5.68155779139328,8.47487864791345
1994-08,1.0469205055419497,2.135346474445309,3.3016539520474675,4.381926525792547,6.9577038315386295,10.10020172374253
1994-09,1.4538434149606392,3.074903732860231,4.913616174462089,6.529456226048979,9.846009703435628,14.736156420657853
1994-10,1.8361454893983504,3.9272902442496003,6.068638084246012,8.01592889288574,12.07451339941985,17.88727883126735
1994-11,2.4775564814597395,5.193612328475511,7.639109609404151,9.83531642508848,13.816110065407177,19.843210611425615
1994-12,2.8603405648520397,5.65687091352282,8.127011761075181,10.21848900522249,14.20672100723263,19.929996878149577
1995-01,2.6241029769179605,5.352147292717992,7.843833958310891,9.881886985487363,13.487485618776407,18.12492851163764
1995-02,1.8466788239594703,3.39392055491356,4.887993700570839,6.132618422254752,8.694978472378326,10.449871745225526
1995-03,1.5778539836075804,2.695648978722601,3.70968292741785,4.624150262707829,6.57725398905651,8.322503548952412
1995-04,1.1773810809416991,1.7797697235555408,2.2361620546481413,2.614621565637518,3.4141609559102744,4.595794132813568
1995-05,0.12304264512735053,-0.38175363365050075,-1.0181891749100487,-1.7882033415276313,-2.5853874538264385,-3.382183317730693
1995-06,0.15998327886971975,-0.2781266754081182,-0.8056779792146598,-1.418218062152949,-2.0175628788982616,-2.802323613495366
1995-07,0.1948001215653301,0.05038520594614049,-0.2700908541669289,-0.6901291733268504,-0.9064361154018119,-0.9240312236286448
1995-08,0.13111827626392092,-0.43090038453117874,-1.0794348649138668,-1.8572474949079476,-2.8847411656553374,-3.9230843052639397
1995-09,0.25405395005883946,-0.15068139139645087,-0.5956751969902774,-1.1478426973121891,-2.118037874263347,-3.0894865460889935
1995-10,0.19871015871840925,0.12364799766165824,-0.05429821054722961,-0.4955539581349724,-0.9565533200118246,-1.614836967688622
1995-11,-0.03452246631669098,-0.23362002391797088,-0.4084138356627811,-0.6992315176636188,-0.844785951401259,-1.4248488395871908
1995-12,-0.3760408304126708,-1.120797638262819,-1.8769597631312003,-2.6997782139229294,-4.183695983843478,-6.209212811971755
1996-01,-0.6160382428797906,-1.52939884382769,-2.333010918515452,-3.161850543301693,-4.351994272844288,-6.231737686084748
1996-02,-0.07611301454321051,-0.6181774355170697,-1.1138997173406908,-1.658488297078919,-1.5973329541061183,-1.543479553154084
1996-03,0.06179361818959972,-0.4635972301246678,-0.9721938000261421,-1.6518306918352819,-1.9274373961283526,-2.7126553501455577
1996-04,0.4914357274876302,0.5164351828602189,0.5312047377529598,0.4198949879630094,0.7979966475572366,1.4445450691323334
1996-05,0.8191165465589894,1.1982838493802603,1.5518939810554109,1.6428805055329407,2.5893634875302896,3.33889865229815
1996-06,0.7128609106823696,1.052344549118141,1.2549263927578114,1.2991815379461613,2.1394818892162144,3.1167991623895634
1996-07,0.93890260944376,1.8500739480603192,2.748992985773781,3.502253564914051,5.309310761181364,7.249483505847926
1996-08,1.0323892002812505,1.7824887881789495,2.5131184906535102,3.003271669817578,4.621506635035401,6.057828972793896
1996-09,0.8408040125358909,1.5214048402075795,2.245950639038468,2.77098610486082,4.289644962144525,5.974913297796951
1996-10,0.4244945328584402,0.8982648368304416,1.5120768990410713,1.9662991792723767,3.4509585976886186,4.918674328325984
1996-11,0.057184095672210056,0.05190066321608988,0.22514846370203134,0.3049653165471735,1.128881227637379,2.4788933542352183
1996-12,0.5593563419950298,1.2197895678013309,1.9518179687146695,2.596186620218888,4.422458628976839,6.938062813748484
1997-01,0.8414813582562486,1.9206016735351206,3.0991567292556716,4.101829922701819,6.673192186856182,9.709837695487721
1997-02,0.9050587690129497,1.8625805252387417,2.9499716633156705,3.8179440287621613,6.175337054781148,9.192568642110075
1997-03,1.2716313735266391,2.561474809385021,3.8792791007305816,5.16904286057258,8.011147855629769,11.77855764770653
1997-04,1.07213176424733,2.1340306720870714,3.2852405482029576,4.310406484097322,6.753328155016962,10.051258194912577
1997-05,1.0003259378367595,2.0798395595039008,3.23537054356703,4.20540917392638,6.785250512147338,10.283810468784502
1997-06,0.9057802589519497,1.8848267031033004,2.9767433524157694,3.96387808498197,6.509310894671775,10.089277247352634
1997-07,0.4285345334962489,0.8316236175646194,1.309899631585008,1.7628759854991616,3.1306484068425773,5.215608058926572
1997-08,1.1704842119616794,2.7559633919837783,4.242057862533761,5.625602331438632,8.466874298590367,12.707952948667181
1997-09,1.41521886938387,3.2181164736429624,5.0995725586154625,6.8805415097016205,10.59174886224341,15.56757331382077
1997-10,1.3326543744085289,2.8740272690831086,4.290934270099,5.638566182201438,8.03899891425235,11.230938237533877
1997-11,1.2540729780432303,2.5823222291632586,3.8790927205442394,4.899931089674067,7.042882003383565,10.078949381868807
1997-12,1.0801852622575492,2.1708910240064982,3.2300191387313006,4.124944784970573,6.157230562188881,8.732309062748278
1998-01,0.6924236008181897,1.4068410929539779,2.2986517793919887,3.0293397777158617,4.8679566203083,7.3510991181993655
1998-02,0.5811898737064594,0.7798932401887608,1.1350771614588497,1.2675895644014998,1.7071766524793999,2.646252237470324
1998-03,0.8078952068097704,1.270197050526039,1.6413723431171992,1.839315319330181,2.2897249444042265,2.972118989795419
1998-04,0.7937826131761492,1.118365233962992,1.4766864285580201,1.7355396932811482,2.312782810711118,2.9551815211055272
1998-05,0.4699385196464103,0.34120419026045123,0.16005750099706972,-0.23431202445161592,-0.7705789081376588,-0.8879085548947803
1998-06,0.31364100887383994,0.0731990469876207,-0.2058857232010478,-0.80829871711608,-1.8659069490967939,-3.232540010168435
1998-07,0.25176490730343026,-0.15189381439324023,-0.5488216886984203,-1.283108134667943,-2.7400988925434024,-4.100175040952917
1998-08,-0.7177135777438295,-1.7267849638122206,-2.809474045060929,-4.1595117075187105,-6.544762213123118,-9.060070153025134
1998-09,-1.1328564024476506,-2.6698549996914505,-4.257927803745878,-5.978594028584908,-9.784310071870706,-13.121432276966644
1998-10,-1.31536448686363,-2.9051097507088093,-4.450845108597799,-6.192766766448159,-9.108477824875532,-11.465469294156033
1998-11,-1.29323954196839,-2.77519162887405,-4.08157556931352,-5.715036746946612,-8.842445646864704,-12.68311810118621
1998-12,-1.371550658742139,-3.0572563932944696,-4.693417373016342,-6.646723895152347,-10.282324779559403,-14.12881367622978
1999-01,-1.6452236167885195,-3.8661441881726386,-5.85752186091332,-7.855326107771107,-11.660341230435229,-15.785667788617094
1999-02,-0.9169028823892704,-2.220119076623668,-3.395649603643541,-4.553933317908312,-6.884176894625749,-8.785258315665168
1999-03,-1.1140803177798695,-2.330115924268969,-3.0961331494814814,-3.726603723786047,-4.5426519134681085,-4.929321627790292
1999-04,-1.139209717978221,-2.520755222058031,-3.473723973338381,-4.369358593914061,-5.77384374526182,-6.072066637748523
1999-05,-0.8657414893778705,-1.712994314894658,-2.1677537417726622,-2.6296368972047492,-3.3026660423457113,-3.828718829131028
1999-06,-0.5992407512316005,-1.1028452347614097,-1.2316998693666301,-1.0831344361148387,-1.4298397562485272,-0.6319187020203909
1999-07,-0.4070209030374796,-0.5905457932771307,-0.5379029880219095,-0.22780477916823916,0.27609162131844034,1.2666603790946152
1999-08,-0.2884957871613496,-0.2030155103106619,0.2373841769324212,0.9385721857940892,1.8867834830633292,3.6859024369444633
1999-09,-0.3211548255808703,-0.11706961743095068,0.29428531113634726,1.0009487929778365,1.7680276501745702,2.8941335915312294
1999-10,-0.16738939610938974,0.29232537239200873,0.9599787382796583,1.7539346456381013,2.6379861443738823,4.364530575535195
1999-11,0.16927869545895913,1.0813671470813109,2.03934466998407,3.3349067510968693,5.100618292596512,8.355130896547493
1999-12,0.9182137113499804,2.5582407679571224,4.115840465168509,5.99863911165271,8.818822193364959,12.864008677531793
2000-01,2.15135960659053,4.257711937672381,6.002504581582439,7.855290988863339,10.56133269488624,13.489851144612485
2000-02,2.1621384266724393,4.43046578075183,6.239288522812381,8.108061446743061,10.89643513615522,13.17651014515437
2000-03,2.3547359829355194,4.270636890768651,5.628208386832028,6.8388912290503985,8.38427943178387,9.139981691278876
2000-04,2.6996876436418997,4.4745816681951,5.62436758338279,6.565938194340982,7.5809250507904995,6.978060081313337
2000-05,2.890235664506449,4.59502391904197,5.660852261117932,6.37826314854236,7.111200531716914,7.003226118228483
2000-06,2.423269470113559,3.8325330262746498,4.50788968764358,4.864927371853098,5.544119434092669,4.987716798567319
2000-07,2.6613747487964505,4.662633973176291,5.693035242047357,6.420575548305081,7.4031884977212385,7.686477066290311
2000-08,2.5987929411408603,4.490701127525209,5.453068962515609,6.146638263425836,7.106517267521421,7.344503531246687
2000-09,3.1543155224515598,5.6520641554950615,6.916710331857671,7.826671558741419,9.33542719084422,10.245270461170586
2000-10,3.5926446227582005,6.41624211669367,8.06946374151869,9.08541084035733,10.951390439654702,12.477799891961405
2000-11,3.1382608168215596,4.89187909541787,5.471473635910239,5.60027131568324,5.502251599579394,4.869376220393474
2000-12,2.7128601710540394,3.7428426207485694,3.3741546204968316,2.81672519722599,2.05646334243185,0.2052274339640361
2001-01,2.3072830588502296,3.26810396644683,3.1603756353732706,2.717544380785953,2.1143200850795827,1.269619555799041
2001-02,2.1716044575228697,3.155171827867619,3.2186615554116087,2.8020399054375105,2.1722284284774735,1.1742288864089687
2001-03,1.6088062195604986,1.7158948109966703,1.054520978722489,0.10747100222313932,-1.2113164716853309,-2.674785952033255
2001-04,2.3432583829427607,3.45902065334899,3.6853045632343298,3.546366756408002,3.8598377606290715,4.468992837661798
2001-05,2.405664546312751,3.693517411414699,4.45477195674378,4.742161663854349,5.167196779500241,5.661164104054738
2001-06,2.6880278131257005,4.38618358049476,5.419686905144831,6.013216393244321,6.885379728031553,7.71180434872426
2001-07,2.4623023544085103,4.739872097643051,5.885897271585479,6.638743596202577,7.41743359523012,7.589268185554431
2001-08,2.2365507543442895,4.57320548160909,6.245822637408921,7.14889275285946,8.2713611690717,9.430314655713321
2001-09,1.7731874276865296,4.27623619544115,6.359166167557349,8.006444875911122,10.3660779410035,13.024212998492771
2001-10,1.4627371981956896,3.46440942994887,5.041625916257369,6.138590147143209,6.979010589632571,7.3264018480532505
2001-11,2.0827852322799,4.22138697793576,5.722207023621091,6.737184052416499,8.144512336808852,9.90894197638159
2001-12,2.7401086073672904,6.14356003689351,8.632642791244308,10.56669832481327,13.336582183396722,16.376780755365388
2002-01,2.6496891684628805,5.752716565035261,7.98045111959371,9.5961108562673,11.70120677052935,14.146307353869087
2002-02,2.59500655808921,5.69446735836126,8.19891040577106,10.085970679459109,12.70051872162609,15.751202999605798
2002-03,3.4785911087639003,7.267002512557831,10.170043635430481,12.399522452256482,15.50842646249495,19.045153948211155
2002-04,2.98774663154535,6.34958072478775,8.88015431464878,10.681396424708268,13.087912026819208,15.95006373692935
2002-05,2.8909525067553394,6.238318690295711,9.2762028460139,11.775188565851298,15.35593420815499,19.91662300836596
2002-06,2.65071646830575,5.699658450970549,8.264355823071929,10.186879600863762,13.135951891199491,16.888355348303303
2002-07,1.4798465312577898,3.25769021754369,4.3485926595207705,4.777429637642831,5.085411867673228,5.678086335123866
2002-08,1.1642014721325302,1.94736137829667,2.4225813090136095,2.4440330061399997,2.1366500773143517,1.7668154500121602
2002-09,0.8593054361283101,1.7522769752906602,2.14901385625649,2.2113677627794806,2.31363821945211,2.3253949880604106
2002-10,0.7215346665806,1.32520969969408,1.5508799257799497,1.5259702641333415,1.6868306363985726,2.284012608022496
2002-11,1.18443760920525,2.2263411406186093,2.9276608255550203,3.2721449733737704,3.9525321781448706,4.559114649022304
2002-12,0.68634924850056,1.2808875951240397,1.5288516498385896,1.4752476729888198,1.4579802145945489,1.7754676466642452
2003-01,0.8339668591801701,1.7390180440646696,2.4009262669041496,2.7497225186991985,3.16860750494779,3.9627670373735633
2003-02,0.59995590217069,1.2934501093557902,1.8093391744873,2.0703252287383993,2.3332163062578486,2.70220950807566
2003-03,0.6645303704275798,1.6441794779649799,2.5935235014983693,3.1826443873283,4.068440408424851,5.247541463470082
2003-04,0.17584697527895,0.12594132802777036,0.05219498208164075,-0.1398533627626508,-0.6301990072946806,-0.975289649524627
2003-05,-0.3785963423838199,-1.3909829485128404,-2.5274078271073206,-3.53833792385315,-5.16277850200944,-7.354679469524732
2003-06,-0.5033839905700399,-1.3535976413212198,-2.083754149478291,-2.6463665841583994,-3.6632645676459097,-4.975155401438058
2003-07,0.15890488732545016,0.36802628387778036,0.9706014679381885,1.665265427524051,3.1132246972347524,5.264356612936769
2003-08,0.6136901732567304,1.6138604355402608,2.7970041698375088,3.907023696413499,5.768803871347862,8.447571961038967
2003-09,-0.3732336996201999,-0.3203156411094399,0.060013094798220035,0.5690875144578711,1.633541739774802,3.5598742216765507
2003-10,0.14429539549256964,0.8511604649436106,1.7809501201697497,2.843196901010881,4.71413837512731,7.605002120848027
2003-11,-0.02210157192321005,0.30605100837318955,0.8318670291143107,1.5020282873763604,2.693313458309701,4.802242295633206
2003-12,-0.37253843647697016,-0.20542647509498968,0.41025881439319933,1.2042958964265096,2.7839963370096124,5.382054994016143
2004-01,-0.60372923475893,-0.6929343954106595,-0.3175222656037593,0.42686087071253986,2.0956242530552784,5.050238455124236
2004-02,-1.13908561071904,-1.8596873883951908,-2.065636756663769,-1.860871040019879,-1.015065910429502,1.227644773807842
2004-03,-1.4279649844488504,-2.6243588018692297,-3.14318051696414,-3.221318228667278,-2.7163998609465008,-0.9024674582337111
2004-04,-0.2984374506777303,-0.1795535612101904,0.51484747124939,1.5662803531496614,3.9803884933422777,8.107778834453152
2004-05,-0.07775345969238967,0.43758902245346065,1.4806560474996793,2.8225843234231007,6.031888360796018,11.26344857639484
2004-06,-0.12559864554136002,0.2848135551119295,1.15635436858456,2.400242897377169,5.498285901526341,10.927000456626917
2004-07,-0.56123042738496,-0.6762356056916996,-0.37179369658962136,0.22309695663337292,2.41929168856683,6.490204072148536
2004-08,-0.9207094237801898,-1.2959588364519596,-1.0656041580708295,-0.42398362650721055,1.5132422121446603,5.189115600480864
2004-09,-1.0497651197792996,-1.7652520955249607,-1.9659380498353705,-1.8237779049076015,-0.7105610040272303,2.070456421656058
2004-10,-1.4481739942772003,-2.4713350149151196,-3.0700048013732393,-3.260980176993688,-2.8530088579547033,-1.0545282195591619
2004-11,-1.0097482824047694,-1.5652575989750406,-1.6963893876823408,-1.4848618352154621,-0.5075642388579822,1.957945570468255
2004-12,-1.0149718170016406,-1.6953372691072697,-1.9321492333760588,-1.8356585782884016,-0.9550288723328038,1.544620084767491
2005-01,-0.97432165352879,-1.6262436478427698,-2.04194492253031,-2.23437037645409,-2.204368039216257,-1.0008196893498367
2005-02,-0.7590039560923794,-1.2268458261688702,-1.4610691059575105,-1.4829327757698874,-1.1865780900522793,0.45849838497563145
2005-03,-0.6980639037004499,-1.185414517544129,-1.4766548321619215,-1.6745017185403581,-1.9533876367008114,-1.231372565594401
2005-04,-0.9953749927204396,-1.8216224206985605,-2.5948880441226305,-3.3048221431298486,-4.7598179885578915,-5.673348307603716
2005-05,-1.3045999868466107,-2.4967344549693493,-3.57519833703283,-4.585456631352269,-6.97176871325927,-8.368956418894909
2005-06,-1.4832182989531195,-2.7935852080654002,-4.0108953891581685,-5.09875031023237,-7.4018263490921985,-9.48544041148321
2005-07,-0.9382273249918995,-1.5556628852876395,-2.0571578129989208,-2.605605539799857,-3.942864295697725,-4.870375865831879
2005-08,-1.1089557828514995,-1.7757721217882203,-2.42425363503381,-3.0646698669383206,-4.29400677099297,-5.153009438274779
2005-09,-0.6717647669617195,-0.8845738578399489,-1.0477214845591183,-1.2123394580002627,-1.5969048792946277,-1.4959548263467077
2005-10,-0.4729141490575808,-0.40728258284564145,-0.2869404883640021,-0.17984053506051012,-0.022902048476487913,0.8932699264912509
2005-11,-0.45740944905729997,-0.3829931577740098,-0.19093113553631724,-0.026180087086937753,0.4940065652386645,1.7160157775404752
2005-12,-0.60635418788699,-0.8648760780326619,-1.0598381783725683,-1.3423362837412913,-1.8184548434617422,-2.0529875944836897
2006-01,-0.5805092884836807,-0.9055260642492993,-1.0359469267795607,-1.267183761963059,-1.5714752600252417,-2.010476509870289
2006-02,-0.26147429785473975,-0.056344479145369775,0.18293007879143985,0.2794194265864238,0.4736679619972497,0.20310754591281288
2006-03,-0.09757293340090101,0.3527654998911105,0.8391951228226997,1.1511836980886176,1.8874531248691984,2.4628558410341332
2006-04,-0.09360500962048945,0.4753292479115707,1.1324012154847773,1.6826402518598806,2.9430355646985307,4.715743244052337
2006-05,-0.050166014642000434,0.13500721801651938,0.43055880254875856,0.6883880500676574,1.588087767228811,2.894961737788168
2006-06,0.06938147800547068,0.3144132101305903,0.477653597611571,0.5590828746924572,1.0713639968202981,1.1896588445001859
2006-07,0.046877204304960784,0.5483748846654386,0.9525456725980481,1.1997709241872219,1.7159154693675402,2.0692079552719402
2006-08,0.19636027038107962,0.6800525980510903,1.1669630478846305,1.4434668938304682,2.078421293081348,1.5080622520836382
2006-09,0.3696870065424491,0.8779151183405194,1.2065813005326813,1.3097736033030891,1.3330335736330783,0.18756200574764748
2006-10,0.37585330800843053,0.9601723332665211,1.396316524479471,1.4894765141523694,1.694449246401339,0.8656692435859172
2006-11,1.1138701800689401,2.512118103979039,3.655279647701909,4.039494838599481,4.693394543676279,3.6892957140072893
2006-12,1.3394747097637505,3.004682634710999,4.409600007058802,5.008631824944508,6.070379336796249,5.226644759411315
2007-01,2.651966735317589,5.170377389139139,7.316288541228529,8.520195550778457,10.13148773175692,9.747962437629468
2007-02,2.71144869103065,5.429622673818459,7.468016547454779,8.635951703759021,9.839017245873109,8.148610572263355
2007-03,2.8343902196963593,5.5198745347524,7.7783633328642505,8.799514397799307,11.31245246614828,9.788238889572574
2007-04,2.3594129529127796,4.090604706696971,5.5453714871735516,6.1562507464034,7.655625281967983,6.781392583491586
2007-05,2.5232858305983203,4.1669527471955,5.3335820933892615,5.946490804853708,7.194476587597517,6.1980025037878645
2007-06,2.4246482955915494,4.41009490719978,5.732432236410012,6.65215942878636,8.821232940900503,8.561040917127217
2007-07,2.0749057787460403,3.7548820428609506,4.81895515904893,5.708700119385083,7.455052636575903,6.349005453366151
2007-08,1.8712886432551996,3.5186400510297506,4.606059422179241,5.3125270846226185,6.896995063342127,6.861864230967056
2007-09,2.0742671940057793,4.257820103957329,5.58519840976203,6.26191231347867,8.133582940281418,6.412845987762701
2007-10,2.42375929881687,4.977389767946559,6.739147254829169,7.76614633294297,7.325326181515474,0.9584222794561956
2007-11,2.0542223793182046,4.264193290915795,6.367359082828029,8.69818645970054,9.70121492720919,7.576674318010184
2007-12,2.461336889276034,4.753853867672199,6.88650858484918,9.53292310994596,12.173772931093799,16.69711396349371
2008-01,1.5457302468761531,2.9098360028201857,4.04095133423135,5.79326126162501,7.367058525949388,8.218781950594646
2008-02,0.904820053939618,2.0516884136342357,3.0532478963446703,4.330590861282321,5.64427168202385,7.625188802104018
2008-03,1.070534121372243,2.303203799814134,3.8869898351076495,5.289226667127741,7.014572598573261,12.130700299013158
2008-04,2.0353862491912356,3.629895881726066,5.22262866639767,6.39173119561483,7.524937416642731,9.113135840574326
2008-05,2.529447792006609,4.795560152668765,6.61460075415426,7.45797192911907,7.770166818492971,8.960561811899172
2008-06,2.2947271950292576,4.2182109261375995,5.51566125448501,5.62991237612329,5.550772783461269,7.708893043876341
2008-07,2.162839021718481,4.001780867918431,5.179838116051569,5.56475518657871,5.364252483758859,8.154480990419179
2008-08,2.018521621856415,3.7788865559811473,4.9624557799568585,5.44833330976689,4.88935002386186,6.606856512621617
2008-09,1.5314757796138119,3.1854197547584704,4.68777109976253,5.392816375984358,6.073053786648332,9.747814535233328
2008-10,1.032270955117605,2.2627887986562003,3.2520587936009404,4.9870765419207,7.712274819744859,16.25249780577256
2008-11,0.6028402958824479,1.3904092328732611,1.1065706676433749,2.094310437262335,5.050959364425813,6.896656535796813
2008-12,0.27642593500360707,0.41066846330507367,-0.8964586465903961,-2.1385254708661856,-3.9047953230056365,-6.420925965896088
2009-01,0.8370375914124729,1.890035048459473,1.5335726976639426,1.0460745391147124,2.3439218042019023,2.596226597657832
2009-02,0.830021420322375,1.84995492965484,1.9667744795890578,1.7444475922500975,3.1488792450831573,2.5672479192431976
2009-03,0.5248157157879559,0.8625398879869253,0.1591368321882023,-0.8858681872056475,-2.014247245641606,-4.1628817289751705
2009-04,0.9016469999705929,1.7530581022338934,1.8735506353059752,1.7844013684719853,2.0220201029543565,3.111457657976564
2009-05,0.9072692826617699,2.155474837350465,3.235324816972449,4.382425593700249,6.186593850887956,8.811491984246626
2009-06,1.3220392611341332,3.171833161762602,5.244316716697969,6.7856485435641485,9.389889027846628,12.255627897289939
2009-07,1.368192962051921,3.2034521905236195,5.465326896265213,7.4886833994596795,9.63061803013843,12.341760589088292
2009-08,1.234667173057512,3.073174589199409,5.336252656758,7.712293345406485,11.324018355755566,15.601535597663505
2009-09,1.1888943061530601,3.023128989301064,5.233731973679412,7.625325817824861,10.886437401936604,13.038695385038421
2009-10,1.139173100146929,3.163604224868897,5.694779484642291,8.066191387524578,11.525646526791494,13.117280196054088
2009-11,0.7336101376970431,2.073682866598249,3.870221637978254,5.52366807486065,8.026466544176488,10.477112711470998
2009-12,1.4099088208854191,3.259546987722275,5.2109495033519515,6.786556192374793,8.830085087753682,11.28283034809065
2010-01,1.0188316017854389,2.5888544640785085,4.213719738589415,5.689428956013696,7.232200584991677,8.692039898364634
2010-02,0.972618929099854,2.3264740400864827,3.575968947817623,4.6938248462979235,6.302939364583244,8.253238087426372
2010-03,1.201028300198834,2.634921243514813,4.112189916091728,5.223100715998827,6.9985039919912655,9.751614341134102
2010-04,1.1746816964024098,2.8363651694953855,4.453365748665385,5.820170560597765,7.372158168811645,9.264655411642304
2010-05,0.8614922206888129,2.432104216446461,4.235305172697709,5.471533165022445,6.7715681740765765,8.732047493758236
2010-06,0.5902127711486229,1.5834659743282622,2.9019277784397666,3.5554204290152946,3.674838790285044,3.715194794270276
2010-07,0.4521378971865281,1.3610971036987178,2.8246397588801253,4.197330820688492,5.566155224677901,6.6794579801350284
2010-08,0.504040524626292,1.360250592325746,2.7564116895559256,3.9413132230364525,5.632992001044426,7.300226349427064
2010-09,0.35940007796211404,1.06362182221912,2.2576737914601606,3.51730770147535,6.213885278486469,10.79815973313227
2010-10,0.234647594426859,0.7580743028561141,1.8744706293709348,3.1407492416147984,5.812554641725134,10.010068740931024
2010-11,0.454655861579429,1.2905808760756952,2.800499419423141,4.468345525085713,7.477975358975751,11.75729128102056
2010-12,0.689527994215603,2.1739604076115997,4.670331480182975,7.429645426132721,12.169550222445178,18.832184996687825
2011-01,0.67837017497017,2.144129540279178,4.59430734669361,7.647878540810924,13.13097667044062,20.466566589139614
2011-02,0.830065081255271,2.5410662534163273,5.013176034380512,7.9625454087358065,13.046130785079681,19.283342085845202
2011-03,1.055597604397901,2.8431082217995884,5.3034527158415585,7.928655553148774,12.30152247208844,17.23955006420993
2011-04,0.7080032810788921,2.257810045349912,4.567486751556615,7.285075397953164,12.465414506114676,18.81465215534752
2011-05,0.480129844361732,1.6379879375324151,3.5981225821511047,6.208540658383933,11.765972335992355,19.56284660250798
2011-06,0.471226584749255,1.6245817867165722,3.732187590143952,6.26908239084951,11.837522068955131,20.134828485112774
2011-07,0.256708662048589,0.9813086577582089,2.556757535811511,4.7991659323281874,9.81403669921596,17.90198157998615
2011-08,0.10114066790061502,0.454779258907794,1.5140405030313233,3.0533434116821647,6.0848347783565355,11.17932509592282
2011-09,0.20836570147705097,0.641442011228051,1.5583850376463362,2.8035869311635366,4.971615491801355,6.780808350350458
2011-10,0.13483113879786499,0.499231704707642,1.291954556209975,2.5715223884093517,5.313942981538827,8.542849940869116
2011-11,0.19642758816834596,0.611467451152274,1.4851561255844938,2.85699035867645,5.60093697866131,8.471370174934737
2011-12,0.18705909674429905,0.533262046717638,1.1602562649386137,2.0359659953442915,3.6500585069312557,5.0518921626442985
2012-01,0.123209947641098,0.23076943954107598,0.45272211821159786,0.8799738414192708,1.6457216449987198,2.0232697962602
2012-02,0.24585163236821697,0.668470027960265,1.2587060849512108,2.0049110998973294,3.491153948485328,4.526044222390947
2012-03,0.32050144393272706,0.895859979881568,1.8321124660889072,2.8995908082690605,5.226155086185386,7.408013552480197
2012-04,0.213643948199211,0.5819258927779629,1.2695701309295142,2.0340564030277313,3.7645326540802584,5.968861268003171
2012-05,0.19509651025234998,0.31627983222426703,0.38399824399331406,0.14927994039869918,-0.9237707396025958,-2.080776324461068
2012-06,0.226132603496065,0.30414663816218296,0.034603365386968954,-0.7427856231339136,-2.6762653761714086,-4.736760132812377
2012-07,0.114994414285013,0.055329349037150005,-0.326584601249297,-1.2504693575115873,-3.7219327274484257,-7.324638300551959
2012-08,0.105817226355058,-0.11472425618597604,-0.9335231776298091,-2.2510620232133247,-5.1101531732176895,-8.772890636754182
2012-09,0.17989599878197202,0.14959411666363892,-0.28293354179687996,-1.2266540565684505,-3.2542101544599653,-6.120709906668232
2012-10,0.23795541870353795,0.36148163503719793,0.1581818379482321,-0.5290022744055163,-2.2593062769828363,-5.010910347769187
2012-11,0.16782239703491503,0.24625050765480996,-0.10193033051193573,-1.035041764775963,-3.5592649974255144,-7.552666386284953
2012-12,0.179066662452616,0.176177265785669,-0.4514627078626191,-1.800769187068451,-4.731010651966987,-8.681600605464427
2013-01,0.23552890466934998,0.43279848535221604,0.268955718115547,-0.3029791992690223,-1.4835121667341773,-2.9049244881699896
2013-02,0.17049422791046198,0.258890151891356,-0.094467946105245,-0.9253413042679415,-2.5944835011880576,-3.9780960186996777
2013-03,0.21672942226706104,0.10602054295125593,-0.6541379923602588,-1.8233858054347758,-3.9560828055533506,-4.983786496119501
2013-04,0.19398024991392404,0.003541425866416953,-0.8353109501203221,-2.0868146225557616,-4.398160828085412,-6.118034797821181
2013-05,0.330786850868445,0.624276881150842,0.4937670521604851,0.10881241033318234,-0.46030943222579923,0.029198121166292168
2013-06,0.439846086833639,0.9945353662670859,1.4330582023052627,1.6432203701292756,1.969329473831007,3.3482274928703135
2013-07,0.3604017006323029,0.680749447556492,0.8763795239448381,0.919826838411848,1.68505707331123,4.193961121051987
2013-08,0.5456385891604689,1.2540586986782332,2.015196919765338,2.6101612804302317,4.433129941430062,8.129890267602631
2013-09,0.3788308334172831,0.6447398887708659,0.7875327149051711,0.7860573737214009,1.7903358908989315,5.126752330514449
2013-10,0.319649523818896,0.658042056142732,0.9333871885129255,1.083323223106112,2.329189605546252,5.943111603067779
2013-11,0.25792187234683006,0.6461768465135548,1.145641891523206,1.7596153344916943,4.243300265158336,9.440552643341233
2013-12,0.3175727982289,0.9207291927236352,1.7787787952580996,2.82571272163798,6.056084939924219,12.10790237436877
2014-01,0.33969339541173105,1.0952179485613889,2.108278595694848,3.417093429427191,6.823431515316001,13.024131163515802
2014-02,0.24567639303641295,0.723078011339987,1.3677706852071145,2.2195486965608855,4.6716385199351365,9.519356891922493
2014-03,0.427176774842729,1.4419405757719659,2.6425069730979156,3.819473818682132,6.660567291052601,10.836844155930812
2014-04,0.450829755415387,1.34570869189782,2.4368939409436656,3.465600807998249,5.674738106372019,9.160543503750699
2014-05,0.33024680923262006,1.057072329841606,1.8727664531387507,2.5570640640708766,3.989205678127157,6.456054345038087
2014-06,0.448828746939044,1.231188756982624,2.0243883186392253,2.506662760517285,3.3316866848625963,4.862630036625051
2014-07,0.565467587948254,1.605399379582125,2.8097465007662383,3.487930414047079,4.86602999714526,6.659958163641601
2014-08,0.4785568418502601,1.272922788538831,2.114299631611291,2.592351414471512,3.2681399148746504,4.116529519783754
2014-09,0.684758714887545,1.864725284294526,3.1568878303397545,4.069458808240375,5.708619328659724,7.249349540280363
2014-10,0.424764382973831,1.2457061777868028,2.1936365973778305,2.6720053663193695,3.618596387702619,4.8827997326393096
2014-11,0.11478952198821707,0.6198947748098982,1.1652940210474658,1.3866322865141065,1.888689647733975,2.495885496376095
2014-12,0.28682983808750606,0.8952841690340063,1.5589534298118863,1.5734862669553764,1.7621595915598458,1.3777959670776248
2015-01,0.09470416241181401,0.48115140420579916,0.8564214211028659,0.8685495404946136,0.8542974681219531,-0.5468659452143361
2015-02,0.339694447489246,1.238796655210648,2.3070589934718817,2.791083170593539,3.9707154649476877,4.58997484461765
2015-03,0.26157232685070203,0.937910023403369,1.8720183304483768,2.3447680872962584,3.1690667996352184,3.6540322497249402
2015-04,0.33812258019272,0.9310204383884539,1.8115083339913456,2.3740773529003696,3.38123873014848,4.4391338976171095
2015-05,0.22404324342355292,0.7950540293547512,1.698481299503793,2.268258291702712,3.4762118062595135,5.1428082544649945
2015-06,0.495276717054195,1.5852792892731928,3.131502978066753,4.579430632188622,7.354237642393787,10.844101849681318
2015-07,0.4309065810541709,1.3007238959590262,2.621053936596786,3.8355894604952345,6.093722219291141,9.046962685030172
2015-08,0.442830850423986,1.1994661599802772,2.291553334019219,3.141418162231865,5.182860450133686,8.384407553787295
2015-09,0.275750418715311,0.832491011544888,1.6765909188924,2.4062227137883934,4.015293749071583,6.523712187631694
2015-10,0.38516435082046796,0.9483226943387527,1.9338696232957693,2.578371297694998,3.858522278098389,5.364380504646668
2015-11,0.36751154230109306,0.7564811253713348,1.0755825377569144,1.0311872810048848,0.805984184781183,0.5030825788671074
2015-12,0.47776255802409695,0.7994701051896638,1.2815394947243037,1.2211827920179337,1.0118978434245256,0.5639755026096545
2016-01,0.14635041620452205,-0.07744728779619803,-0.27519911900008553,-0.7478570450470052,-1.7235506587621265,-2.7644596332255564
2016-02,-0.022165678558814017,-0.4590567460582262,-0.7421531071463622,-1.435819848244492,-2.7025338458679316,-4.1398890397538235
2016-03,-0.1929225884748731,-0.524094805541467,-0.8283714364780683,-1.4710998974695288,-2.4626979781399188,-3.758399662936139
2016-04,-0.1328990133654041,-0.28823189221954926,-0.3158017613013936,-0.6974654870847942,-1.205066915387993,-2.1998227679234237
2016-05,-0.1342552003303602,-0.17189692982845794,-0.016689454594367548,-0.2125916288592481,-0.533182575518078,-1.5325644796200968
2016-06,-0.5910029634627819,-1.1245932290827318,-1.6210110145821104,-2.3845675974928744,-3.7578247877413133,-5.927961375601634
2016-07,-0.48489107128809805,-0.9656156233129288,-1.4058858799275082,-2.1433888463833144,-3.5720800059067743,-6.232649634691953
2016-08,-0.2576018893799549,-0.47009818003576664,-0.4933025091021427,-0.8478904524838434,-1.5498494780001724,-3.445816626442383
2016-09,-0.422422768543916,-0.899678334381419,-1.2873570090363025,-1.8914403974579326,-3.1457747952060817,-5.013656165802503
2016-10,-0.40360757254382906,-0.8519123837726854,-1.0802762332530844,-1.443149659927114,-2.1972524072743145,-2.971507982019825
2016-11,-0.2544311337230878,-0.19043138601883758,0.2858818699431218,0.5808542093240621,1.2618686044685308,2.2317176727397934
2016-12,-0.2815712933660768,-0.26160395414482673,0.23672798671996342,0.5348835039565141,1.308717685016863,2.9959079400134314
2017-01,-0.33968692601832007,-0.6523750567521996,-0.6992413474852205,-0.7864381179401492,-0.5980230434732907,0.3264760372869504
2017-02,-0.464640941456392,-0.8199094280670326,-0.9669055287738119,-1.2909483130845913,-1.6818539428808599,-2.015550531475762
2017-03,-0.6301965524058502,-1.0449544441881704,-1.0923854630184606,-1.2625930991121297,-1.31710302626887,-1.03232083772278
2017-04,-0.8282904513431799,-1.6958244101651598,-2.251976893054181,-2.8156774041144206,-3.5255447129636277,-4.101712271942036
2017-05,-0.86620078413855,-1.6828340277776206,-2.2590526412271004,-2.8449876793074305,-3.5410500542419783,-4.1168724098730705
2017-06,-0.8283743084359698,-1.64424505217791,-2.1241018401753093,-2.52420170776822,-3.0159376129874116,-3.5569285858630564
2017-07,-0.9630105443383701,-2.00993557305404,-2.6673695390161694,-3.1628308732587893,-3.7181732787670505,-4.241661985844339
2017-08,-1.0149296033299802,-2.1360420277160204,-2.87375487340839,-3.4664752210438907,-4.23884684358041,-5.280820431780842
2017-09,-0.9603002488859598,-2.01432304925877,-2.707552651311729,-3.2464065112360414,-3.9767114650087008,-5.163407330594719
2017-10,-0.92333194782848,-1.9299436841220607,-2.6013187245181797,-3.0662823941709307,-3.8992295796920793,-5.7076761272814
2017-11,-0.7551854727538103,-1.4727203006404304,-1.8368747751321304,-2.1607957106975912,-2.6631860194303614,-4.074480594457701
2017-12,-0.59598554350202,-0.7962729925518601,-0.6788396739527607,-0.7007547061034196,-0.7595843471132211,-1.668250336240563
