model,target,paper,reproduced,diff
PCA - first 8 PCs,rx_2,-9.8,-11.0,-1.2
PCA - first 8 PCs,rx_3,-2.9,-5.6,-2.7
PCA - first 8 PCs,rx_4,0.3,-4.5,-4.8
PCA - first 8 PCs,rx_5,3.0,-3.6,-6.6
PCA - first 8 PCs,rx_7,3.3,-3.0,-6.3
PCA - first 8 PCs,rx_10,4.5,-2.9,-7.4
PCA - first 8 PCs,EW,1.8,-4.4,-6.2
PCA as in Ludvigson and Ng (2009),rx_2,-3.4,4.5,7.9
PCA as in Ludvigson and Ng (2009),rx_3,0.2,7.0,6.8
PCA as in Ludvigson and Ng (2009),rx_4,1.6,8.5,6.9
PCA as in Ludvigson and Ng (2009),rx_5,1.6,8.6,7.0
PCA as in Ludvigson and Ng (2009),rx_7,-1.4,5.2,6.6
PCA as in Ludvigson and Ng (2009),rx_10,-4.7,1.5,6.2
PCA as in Ludvigson and Ng (2009),EW,-1.3,5.8,7.1
PLS - 8 components,rx_2,-40.7,-64.1,-23.4
PLS - 8 components,rx_3,-19.7,-44.6,-24.9
PLS - 8 components,rx_4,-12.0,-46.8,-34.8
PLS - 8 components,rx_5,-8.2,-90.0,-81.8
PLS - 8 components,rx_7,-2.7,-86.1,-83.4
PLS - 8 components,rx_10,3.4,-107.0,-110.4
PLS - 8 components,EW,-6.4,-80.9,-74.5
Ridge (using CP factor),rx_2,-45.3,10.7,56.0
Ridge (using CP factor),rx_3,-23.6,14.9,38.5
Ridge (using CP factor),rx_4,-16.7,11.6,28.3
Ridge (using CP factor),rx_5,-13.2,15.9,29.1
Ridge (using CP factor),rx_7,-3.1,10.1,13.2
Ridge (using CP factor),rx_10,5.3,11.4,6.1
Ridge (using CP factor),EW,-5.6,15.0,20.6
Lasso (using CP factor),rx_2,6.4,3.4,-3.0
Lasso (using CP factor),rx_3,11.2,7.5,-3.7
Lasso (using CP factor),rx_4,12.9,11.7,-1.2
Lasso (using CP factor),rx_5,14.4,15.4,1.0
Lasso (using CP factor),rx_7,19.6,20.8,1.2
Lasso (using CP factor),rx_10,23.7,23.4,-0.3
Lasso (using CP factor),EW,21.0,20.0,-1.0
Elastic Net (using CP factor),rx_2,6.4,5.0,-1.4
Elastic Net (using CP factor),rx_3,11.0,9.4,-1.6
Elastic Net (using CP factor),rx_4,14.3,14.8,0.5
Elastic Net (using CP factor),rx_5,15.7,19.1,3.4
Elastic Net (using CP factor),rx_7,21.7,25.3,3.6
Elastic Net (using CP factor),rx_10,29.1,30.4,1.3
Elastic Net (using CP factor),EW,22.0,23.4,1.4
Ridge (using fwd rates directly),rx_2,-52.2,13.0,65.2
Ridge (using fwd rates directly),rx_3,-28.7,10.4,39.1
Ridge (using fwd rates directly),rx_4,-22.7,13.9,36.6
Ridge (using fwd rates directly),rx_5,-18.3,15.7,34.0
Ridge (using fwd rates directly),rx_7,-13.1,19.7,32.8
Ridge (using fwd rates directly),rx_10,-3.5,23.6,27.1
Ridge (using fwd rates directly),EW,-15.4,20.4,35.8
Lasso (using fwd rates directly),rx_2,11.0,12.2,1.2
Lasso (using fwd rates directly),rx_3,12.0,10.8,-1.2
Lasso (using fwd rates directly),rx_4,12.3,9.5,-2.8
Lasso (using fwd rates directly),rx_5,16.4,12.0,-4.4
Lasso (using fwd rates directly),rx_7,19.9,18.0,-1.9
Lasso (using fwd rates directly),rx_10,23.6,17.6,-6.0
Lasso (using fwd rates directly),EW,20.7,16.9,-3.8
Elastic Net (using fwd rates directly),rx_2,10.2,12.7,2.5
Elastic Net (using fwd rates directly),rx_3,14.2,13.4,-0.8
Elastic Net (using fwd rates directly),rx_4,16.0,13.6,-2.4
Elastic Net (using fwd rates directly),rx_5,13.2,12.9,-0.3
Elastic Net (using fwd rates directly),rx_7,19.9,15.4,-4.5
Elastic Net (using fwd rates directly),rx_10,23.6,26.9,3.3
Elastic Net (using fwd rates directly),EW,21.0,20.0,-1.0
